"Moxie Singlet: XS, inventory_quantity: 1511, subscriptions: 210","Moxie Singlet: S, inventory_quantity: 3013, subscriptions: 879","Moxie Singlet: M, inventory_quantity: 4474, subscriptions: 927","Moxie Singlet: L, inventory_quantity: 4495, subscriptions: 464","Moxie Singlet: XL, inventory_quantity: 1511, subscriptions: 199"
"Lynn Sports Bra: XS, inventory_quantity: 1495, subscriptions: 101","Lynn Sports Bra: S, inventory_quantity: 2982, subscriptions: 757","Lynn Sports Bra: M, inventory_quantity: 4472, subscriptions: 1053","Lynn Sports Bra: L, inventory_quantity: 4490, subscriptions: 557","Lynn Sports Bra: XL, inventory_quantity: 1493, subscriptions: 210"
"Rock Geo Capri: XS, inventory_quantity: 1492, subscriptions: 177","Rock Geo Capri: S, inventory_quantity: 2985, subscriptions: 881","Rock Geo Capri: M, inventory_quantity: 4476, subscriptions: 1016","Rock Geo Capri: L, inventory_quantity: 4484, subscriptions: 450","Rock Geo Capri: XL, inventory_quantity: 1495, subscriptions: 156"

"Moxie Singlet: XS, inventory_quantity: 1511, subscriptions: 93","Moxie Singlet: S, inventory_quantity: 3013, subscriptions: 542","Moxie Singlet: M, inventory_quantity: 4474, subscriptions: 650","Moxie Singlet: L, inventory_quantity: 4495, subscriptions: 462","Moxie Singlet: XL, inventory_quantity: 1511, subscriptions: 208"
"Lynn Sports Bra: XS, inventory_quantity: 1495, subscriptions: 43","Lynn Sports Bra: S, inventory_quantity: 2982, subscriptions: 398","Lynn Sports Bra: M, inventory_quantity: 4472, subscriptions: 786","Lynn Sports Bra: L, inventory_quantity: 4490, subscriptions: 505","Lynn Sports Bra: XL, inventory_quantity: 1493, subscriptions: 224"
"Rock Geo Capri: XS, inventory_quantity: 1492, subscriptions: 80","Rock Geo Capri: S, inventory_quantity: 2985, subscriptions: 511","Rock Geo Capri: M, inventory_quantity: 4476, subscriptions: 744","Rock Geo Capri: L, inventory_quantity: 4484, subscriptions: 447","Rock Geo Capri: XL, inventory_quantity: 1495, subscriptions: 174"
"Gliding Core Discs: ONE SIZE, inventory_quantity: 4357, subscriptions: N/A"
"Fitness Bands: ONE SIZE, inventory_quantity: 3388, subscriptions: N/A"

"Cheryl Tank: XS, inventory_quantity: 0, subscriptions: 0","Cheryl Tank: S, inventory_quantity: 231, subscriptions: 95","Cheryl Tank: M, inventory_quantity: 465, subscriptions: 102","Cheryl Tank: L, inventory_quantity: 474, subscriptions: 44","Cheryl Tank: XL, inventory_quantity: 234, subscriptions: 32"
"Define Ankle Tight: XS, inventory_quantity: 0, subscriptions: 0","Define Ankle Tight: S, inventory_quantity: 232, subscriptions: 98","Define Ankle Tight: M, inventory_quantity: 482, subscriptions: 100","Define Ankle Tight: L, inventory_quantity: 490, subscriptions: 60","Define Ankle Tight: XL, inventory_quantity: 242, subscriptions: 15"
"Tessa Sports Bra: XS, inventory_quantity: 0, subscriptions: 0","Tessa Sports Bra: S, inventory_quantity: 236, subscriptions: 74","Tessa Sports Bra: M, inventory_quantity: 480, subscriptions: 120","Tessa Sports Bra: L, inventory_quantity: 200, subscriptions: 58","Tessa Sports Bra: XL, inventory_quantity: 242, subscriptions: 21"

"Cheryl Tank: XS, inventory_quantity: 0, subscriptions: 0","Cheryl Tank: S, inventory_quantity: 231, subscriptions: 33","Cheryl Tank: M, inventory_quantity: 465, subscriptions: 49","Cheryl Tank: L, inventory_quantity: 474, subscriptions: 31","Cheryl Tank: XL, inventory_quantity: 234, subscriptions: 25"
"Define Ankle Tight: XS, inventory_quantity: 0, subscriptions: 0","Define Ankle Tight: S, inventory_quantity: 232, subscriptions: 33","Define Ankle Tight: M, inventory_quantity: 482, subscriptions: 51","Define Ankle Tight: L, inventory_quantity: 490, subscriptions: 33","Define Ankle Tight: XL, inventory_quantity: 242, subscriptions: 21"
"Tessa Sports Bra: XS, inventory_quantity: 0, subscriptions: 0","Tessa Sports Bra: S, inventory_quantity: 236, subscriptions: 26","Tessa Sports Bra: M, inventory_quantity: 480, subscriptions: 52","Tessa Sports Bra: L, inventory_quantity: 200, subscriptions: 32","Tessa Sports Bra: XL, inventory_quantity: 242, subscriptions: 28"
"Gliding Core Discs: ONE SIZE, inventory_quantity: 4357, subscriptions: N/A"
"Fitness Bands: ONE SIZE, inventory_quantity: 3388, subscriptions: N/A"

"Inverse Legging: XS, inventory_quantity: 0, subscriptions: 2","Inverse Legging: S, inventory_quantity: 201, subscriptions: 45","Inverse Legging: M, inventory_quantity: 449, subscriptions: 58","Inverse Legging: L, inventory_quantity: 450, subscriptions: 37","Inverse Legging: XL, inventory_quantity: 229, subscriptions: 12"
"Exhale Drape Back Tee (heather black): XS, inventory_quantity: 0, subscriptions: 1","Exhale Drape Back Tee (heather black): S, inventory_quantity: 205, subscriptions: 48","Exhale Drape Back Tee (heather black): M, inventory_quantity: 445, subscriptions: 46","Exhale Drape Back Tee (heather black): L, inventory_quantity: 454, subscriptions: 39","Exhale Drape Back Tee (heather black): XL, inventory_quantity: 253, subscriptions: 20"
"Sydney Sports Bra (muscari blue): XS, inventory_quantity: 0, subscriptions: 1","Sydney Sports Bra (muscari blue): S, inventory_quantity: 206, subscriptions: 34","Sydney Sports Bra (muscari blue): M, inventory_quantity: 453, subscriptions: 57","Sydney Sports Bra (muscari blue): L, inventory_quantity: 475, subscriptions: 42","Sydney Sports Bra (muscari blue): XL, inventory_quantity: 236, subscriptions: 20"

"Inverse Legging: XS, inventory_quantity: 0, subscriptions: 0","Inverse Legging: S, inventory_quantity: 201, subscriptions: 23","Inverse Legging: M, inventory_quantity: 449, subscriptions: 25","Inverse Legging: L, inventory_quantity: 450, subscriptions: 25","Inverse Legging: XL, inventory_quantity: 229, subscriptions: 10"
"Exhale Drape Back Tee (heather black): XS, inventory_quantity: 0, subscriptions: 0","Exhale Drape Back Tee (heather black): S, inventory_quantity: 205, subscriptions: 23","Exhale Drape Back Tee (heather black): M, inventory_quantity: 445, subscriptions: 27","Exhale Drape Back Tee (heather black): L, inventory_quantity: 454, subscriptions: 19","Exhale Drape Back Tee (heather black): XL, inventory_quantity: 253, subscriptions: 14"
"Fitness Bands: ONE SIZE, inventory_quantity: 3388, subscriptions: N/A"
"Gliding Core Discs: ONE SIZE, inventory_quantity: 4357, subscriptions: N/A"
"Sydney Sports Bra (muscari blue): XS, inventory_quantity: 0, subscriptions: 0","Sydney Sports Bra (muscari blue): S, inventory_quantity: 206, subscriptions: 19","Sydney Sports Bra (muscari blue): M, inventory_quantity: 453, subscriptions: 31","Sydney Sports Bra (muscari blue): L, inventory_quantity: 475, subscriptions: 18","Sydney Sports Bra (muscari blue): XL, inventory_quantity: 236, subscriptions: 15"

